ts	phase	decision	why	evidence	result
2026-08-19T22:21:51Z	frame	preserve the August 19 review as a new stabilization plan	older remediation work has a different scope	docs/superpowers/plans/2026-08-19-printpartner-stabilization/findings.md	open
2026-08-19T22:21:52Z	scope	stop before product implementation	the workflow and site structure require a product decision	docs/superpowers/plans/2026-08-19-printpartner-stabilization/phase-0-product-decisions.md	open
2026-08-19T22:21:53Z	sequence	put workflow prototypes before UI refactoring	the accepted user experience must determine page ownership	docs/superpowers/plans/2026-08-19-printpartner-stabilization/overview.md	open
2026-08-19T22:21:54Z	platform	treat self-hosted SQLite and local storage as the working baseline	Postgres, S3, and durable jobs do not yet support the same execution model	docs/superpowers/plans/2026-08-19-printpartner-stabilization/findings.md	open
2026-08-19T22:25:00Z	review	supersede the frame evidence in row 2	the older plan itself proves that its security and audit-remediation scope differs from this product-stabilization plan	docs/superpowers/plans/2026-08-18-complete-codebase-audit-remediation.md, docs/superpowers/plans/2026-08-19-printpartner-stabilization/overview.md	corrected
2026-08-19T22:25:01Z	review	supersede the broad platform reason in row 5	the plan needs a tested baseline while SaaS remains an open product decision	web/apps/server/src/db/client-postgres.ts:72, web/apps/server/src/routes/jobs.ts:68, docs/superpowers/plans/2026-08-19-printpartner-stabilization/phase-0-product-decisions.md	corrected
2026-08-19T22:25:02Z	review	treat the production-loop model as a hypothesis	workflow sketches should inform the choice instead of inheriting the plan author's preference	docs/superpowers/plans/2026-08-19-printpartner-stabilization/overview.md	open
2026-08-19T22:25:03Z	review	name the three prototype tasks	stable tasks make the workflow comparison reviewable	docs/superpowers/plans/2026-08-19-printpartner-stabilization/phase-0-product-decisions.md	open
2026-08-19T22:25:04Z	review	keep release repair open until a real release proves identity	a dry run does not satisfy the program definition of done	docs/superpowers/plans/2026-08-19-printpartner-stabilization/phase-4-release-repair.md, docs/superpowers/plans/2026-08-19-printpartner-stabilization/testing.md	open
2026-08-19T22:40:00Z	product	use one planning model for individual and farm users	both users combine sources, select required files, produce a checklist, and print the remaining units	docs/superpowers/plans/2026-08-19-printpartner-stabilization/overview.md	accepted
2026-08-19T22:40:01Z	product	preserve the electronic and printable checkoff process	the existing checkoff process is useful to both the builder and the customer	docs/superpowers/plans/2026-08-19-printpartner-stabilization/phase-0-product-decisions.md	accepted
2026-08-19T22:40:02Z	product	treat missing-only production as a core operation	users need to prepare only required units that have not been completed or assigned to active work	docs/superpowers/plans/2026-08-19-printpartner-stabilization/phase-9-production-workspace.md	accepted
2026-08-19T22:40:03Z	product	preserve required-unit identity through export and printer tracking	printer APIs must relate active work and metrics back to the planned physical part	docs/superpowers/plans/2026-08-19-printpartner-stabilization/phase-9-production-workspace.md	accepted
2026-08-19T22:45:00Z	review	supersede the evidence for product decisions in rows 11 through 14	the discussion record preserves the user input that led to those decisions	docs/superpowers/plans/2026-08-19-printpartner-stabilization/discussion-notes.md	corrected
2026-08-19T22:45:01Z	review	verify all four prototype tasks	the farm-overview task was added after the first verification wording	docs/superpowers/plans/2026-08-19-printpartner-stabilization/phase-0-product-decisions.md	open
2026-08-19T23:05:00Z	language	use Build as the canonical top-level product term	Build names the physical result for both an individual and a farm operator	CONTEXT.md, docs/superpowers/plans/2026-08-19-printpartner-stabilization/discussion-notes.md	accepted
2026-08-19T23:20:00Z	language	use Object name for the named model object inside a 3MF	the user confirmed that OBJ meant the name carried through slicing and printer APIs	CONTEXT.md, docs/superpowers/plans/2026-08-19-printpartner-stabilization/discussion-notes.md	accepted
2026-08-19T23:20:01Z	tracking	preserve and test the existing object-name tracking contract	printer APIs expose filenames and object names rather than arbitrary hidden PrintPartner metadata	docs/superpowers/plans/2026-08-19-printpartner-stabilization/3mf-object-tracking.md	accepted
2026-08-19T23:20:02Z	tracking	describe current tracking as plate and job level	current adapters do not expose which object is under the nozzle	docs/superpowers/plans/2026-08-19-printpartner-stabilization/3mf-object-tracking.md	accepted
2026-08-19T23:25:00Z	review	supersede the evidence for Object name in row 18	the discussion record now identifies the accepted facts as user decisions from the August 19 conversation	docs/superpowers/plans/2026-08-19-printpartner-stabilization/discussion-notes.md	corrected
2026-08-19T23:25:01Z	review	supersede the evidence for preserving names in row 19	the user asked to maintain 3MF object names and the research note explains the current mechanism	docs/superpowers/plans/2026-08-19-printpartner-stabilization/discussion-notes.md, docs/superpowers/plans/2026-08-19-printpartner-stabilization/3mf-object-tracking.md	corrected
2026-08-19T23:25:02Z	tracking	surface duplicate-basename ambiguity instead of claiming an exact mapping	current name matching cannot distinguish equal basenames from different sources	docs/superpowers/plans/2026-08-19-printpartner-stabilization/3mf-object-tracking.md	open
2026-08-19T23:25:03Z	tracking	leave matched-name history as an open design choice	current links persist resolved units but discard matched labels	docs/superpowers/plans/2026-08-19-printpartner-stabilization/phase-9-production-workspace.md	open
2026-08-19T23:40:00Z	ui	include a UI revamp and component audit in the stabilization plan	the user asked to revise the overall site and keep modules and components current	docs/superpowers/plans/2026-08-19-printpartner-stabilization/ui-revamp-discussion.md	accepted
2026-08-19T23:40:01Z	ui	prototype the workflow before migrating production pages	the site structure and information density remain product decisions	docs/superpowers/plans/2026-08-19-printpartner-stabilization/phase-0-product-decisions.md	open
2026-08-19T23:40:02Z	dependencies	keep the current dependency set as the planning baseline	registry comparison reported no outdated workspace packages on August 19 2026	web/apps/web/package.json, web/package.json	verified
2026-08-19T23:40:03Z	review	supersede the dependency evidence in row 26	the UI discussion records the registry command and result	docs/superpowers/plans/2026-08-19-printpartner-stabilization/ui-revamp-discussion.md	corrected
2026-08-19T23:45:00Z	review	correct the dependency baseline evidence	the package files show declared versions and the UI discussion records the registry comparison	docs/superpowers/plans/2026-08-19-printpartner-stabilization/ui-revamp-discussion.md	verified
2026-08-19T23:45:01Z	review	disregard the row number in the prior dependency correction	the correction applies to the dependency baseline decision regardless of its displayed row number	docs/superpowers/plans/2026-08-19-printpartner-stabilization/decisions.tsv	corrected
2026-08-19T23:55:00Z	ui	allow a full theme rebase	the user is open to new or different theming	docs/superpowers/plans/2026-08-19-printpartner-stabilization/discussion-notes.md, docs/superpowers/plans/2026-08-19-printpartner-stabilization/ui-revamp-discussion.md	accepted
2026-08-19T23:59:00Z	workflow	include STL naming inference inside Plan	the existing parser turns selected STL paths into quantities and filament roles used by checkoff and export	docs/superpowers/plans/2026-08-19-printpartner-stabilization/stl-naming-rules.md	accepted
2026-08-20T00:01:00Z	ui	rework the current Parts behavior into Plan	the current page has useful previews grouping quantity controls and warnings but the proposed selection and exception flow fits the product better	docs/superpowers/plans/2026-08-19-printpartner-stabilization/ui-revamp-discussion.md	accepted
2026-08-20T00:03:00Z	workflow	keep Plan edits in an autosaved draft until the user applies them	Checkoff must not change while the user is still revising sources selections or quantities	docs/superpowers/plans/2026-08-19-printpartner-stabilization/discussion-notes.md	accepted
2026-08-20T00:05:00Z	production	keep every Print batch and Plate within one Build	separate Build ownership keeps Checkoff tracking failures reprints and customer work clear while the farm runs several Builds at once	docs/superpowers/plans/2026-08-19-printpartner-stabilization/discussion-notes.md	accepted
2026-08-20T00:07:00Z	production	allow only one active Plate to claim a required unit	this prevents duplicate work while Printer jobs are assigned printing or awaiting verification	docs/superpowers/plans/2026-08-19-printpartner-stabilization/discussion-notes.md	accepted
2026-08-20T00:08:00Z	terminology	retire Print batch and assign required units directly to Plates	Batch can mean repeated copies of one part and has already been used ambiguously for a Plate	docs/superpowers/plans/2026-08-19-printpartner-stabilization/discussion-notes.md	corrected
2026-08-20T00:00:31Z	slicing	export each grouped Plate as a 3MF for local download or opening	the user wants PrintPartner to prepare the grouped parts while keeping slicer and profile choices on their computer	docs/superpowers/plans/2026-08-19-printpartner-stabilization/discussion-notes.md	accepted
2026-08-20T00:00:31Z	slicing	do not assign slicer applications or slicer profiles to printers	machine filament and process profiles remain choices inside the user's slicer and Docker slicing is deferred	docs/superpowers/plans/2026-08-19-printpartner-stabilization/phase-9-production-workspace.md	accepted
2026-08-20T00:03:53Z	export	offer one ZIP containing all selected STL files for the Build	the STL bundle supports manual arranging sharing and archival alongside Plate 3MF export	docs/superpowers/plans/2026-08-19-printpartner-stabilization/discussion-notes.md	accepted
2026-08-20T00:06:31Z	export	write one STL per required unit under role source and relative path	the ZIP must preserve inferred quantity source identity and unit naming outside PrintPartner	docs/superpowers/plans/2026-08-19-printpartner-stabilization/discussion-notes.md	accepted
2026-08-20T00:11:38Z	printer	define a Printer by name model and build size	these are the physical planning properties needed before Plate arrangement	docs/superpowers/plans/2026-08-19-printpartner-stabilization/discussion-notes.md	accepted
2026-08-20T00:11:38Z	production	let the user allocate required units or visible groups to Printers	printer choice belongs to the user and grouping is only a selection shortcut	docs/superpowers/plans/2026-08-19-printpartner-stabilization/discussion-notes.md	accepted
2026-08-20T00:11:38Z	production	allocate units to Printers before arranging Plates	PrintPartner needs the chosen Printer's build size before it can determine Plate count and layout	docs/superpowers/plans/2026-08-19-printpartner-stabilization/phase-9-production-workspace.md	accepted
2026-08-20T00:11:38Z	production	allow the user to skip PrintPartner arrangement	direct export remains available when the user wants to arrange files elsewhere	docs/superpowers/plans/2026-08-19-printpartner-stabilization/discussion-notes.md	accepted
2026-08-20T00:21:13Z	arrangement	preserve the source STL's authored Print face	the designer's build-axis orientation can determine layer adhesion and part strength	docs/superpowers/plans/2026-08-19-printpartner-stabilization/discussion-notes.md	accepted
2026-08-20T00:26:35Z	arrangement	use Plater only as a behavior reference	a third-party package binary service or source dependency is not acceptable for this core workflow	docs/superpowers/plans/2026-08-19-printpartner-stabilization/plater-research.md	accepted
2026-08-20T00:26:35Z	arrangement	build a PrintPartner-owned footprint arranger	the product needs direct control of unit identity orientation placement tests and 3MF output	docs/superpowers/plans/2026-08-19-printpartner-stabilization/phase-9-production-workspace.md	accepted
2026-08-20T00:38:00Z	ui	make the Plate workspace an in-page interactive editor	the user needs to inspect and manually arrange the automatic result before export	docs/superpowers/plans/2026-08-19-printpartner-stabilization/discussion-notes.md, docs/superpowers/plans/2026-08-19-printpartner-stabilization/phase-9-production-workspace.md	accepted
2026-08-20T00:38:01Z	arrangement	persist exact Plate placements and export them without repacking	the exported 3MF must match the layout the user inspected and approved	docs/superpowers/plans/2026-08-19-printpartner-stabilization/phase-9-production-workspace.md	accepted
2026-08-20T00:38:02Z	ui	use top-down editing with a separate 3D inspection mode	top-down editing supports accurate placement while 3D inspection preserves visual confidence without mixing camera and drag controls	docs/superpowers/plans/2026-08-19-printpartner-stabilization/discussion-notes.md	accepted
2026-08-20T00:42:00Z	arrangement	allow translation only during Plate arrangement	the user wants PrintPartner to preserve the exact source orientation and leave every rotation choice to the slicer	CONTEXT.md, docs/superpowers/plans/2026-08-19-printpartner-stabilization/discussion-notes.md	accepted
2026-08-20T00:42:01Z	review	supersede earlier Plate-editor requirements for Z rotation	the accepted workflow has no automatic or manual rotation inside PrintPartner	docs/superpowers/plans/2026-08-19-printpartner-stabilization/phase-9-production-workspace.md, docs/superpowers/plans/2026-08-19-printpartner-stabilization/plater-research.md	corrected
2026-08-20T00:57:00Z	filament	separate filament role Planned filament Physical spool Loaded filament and slicer profile	each concept belongs to a different planning inventory printer-state or slicing decision	CONTEXT.md, docs/superpowers/plans/2026-08-19-printpartner-stabilization/discussion-notes.md	accepted
2026-08-20T00:57:01Z	production	allow one Planned filament per Plate in the first workflow	this prevents accidental mixed-material work without pulling slicer slot mapping into PrintPartner	docs/superpowers/plans/2026-08-19-printpartner-stabilization/phase-9-production-workspace.md	accepted
2026-08-20T00:57:02Z	printer	use Loaded filament for readiness warnings only	the user's Printer allocation remains authoritative even when the loaded material does not match	docs/superpowers/plans/2026-08-19-printpartner-stabilization/discussion-notes.md	accepted
2026-08-20T00:57:03Z	printer	separate the physical Printer from its optional Printer connection	planning and local 3MF export do not require a vendor API connection	CONTEXT.md, docs/superpowers/plans/2026-08-19-printpartner-stabilization/phase-9-production-workspace.md	accepted
2026-08-20T00:57:04Z	slicing	keep slicer filament profiles outside the local handoff workflow	the user selects machine filament and process profiles in the installed slicer	docs/superpowers/plans/2026-08-19-printpartner-stabilization/phase-9-production-workspace.md	accepted
2026-08-20T01:02:00Z	printer	create a physical Printer before an optional Printer connection	planning and local export must work without vendor API credentials	docs/superpowers/plans/2026-08-19-printpartner-stabilization/discussion-notes.md	accepted
2026-08-20T01:02:01Z	printer	create Printers from a preset or Custom values	the preset can speed setup while the Printer retains editable model and build-size values of its own	CONTEXT.md, docs/superpowers/plans/2026-08-19-printpartner-stabilization/phase-9-production-workspace.md	accepted
2026-08-20T01:02:02Z	slicing	do not bind a Printer preset to a slicer machine profile	Printer identity and build size belong to planning while the user chooses the slicer profile locally	docs/superpowers/plans/2026-08-19-printpartner-stabilization/discussion-notes.md	accepted
2026-08-20T01:06:00Z	filament	do not manage filament when Spoolman is absent	the user handles material color printer loading and profiles during assignment and in the slicer	CONTEXT.md, docs/superpowers/plans/2026-08-19-printpartner-stabilization/discussion-notes.md	accepted
2026-08-20T01:06:01Z	filament	use Spoolman as the only optional filament-management path	an existing inventory connection can provide spool selection tracking and usage deduction without a second filament model	docs/superpowers/plans/2026-08-19-printpartner-stabilization/phase-9-production-workspace.md	accepted
2026-08-20T01:06:02Z	review	supersede Planned filament Loaded filament and one-filament-per-Plate decisions	the accepted workflow leaves filament decisions to the user and slicer unless Spoolman is connected	docs/superpowers/plans/2026-08-19-printpartner-stabilization/discussion-notes.md, docs/superpowers/plans/2026-08-19-printpartner-stabilization/phase-9-production-workspace.md	corrected
2026-08-20T01:12:00Z	tracking	make direct slicer sending and passive Printer detection the normal path	the user can keep the installed slicer's native send workflow while PrintPartner tracks the resulting Printer job	docs/superpowers/plans/2026-08-19-printpartner-stabilization/3mf-object-tracking.md	accepted
2026-08-20T01:12:01Z	tracking	propose Printer job matches from stable Plate filenames and Object names	the existing cross-system names can associate detected work without making PrintPartner the sender	docs/superpowers/plans/2026-08-19-printpartner-stabilization/discussion-notes.md	accepted
2026-08-20T01:12:02Z	printer	offer only actions reported by the Printer connection	Moonraker PrusaLink and Bambu do not provide the same upload status object-name and ETA capabilities	docs/superpowers/plans/2026-08-19-printpartner-stabilization/phase-9-production-workspace.md	accepted
2026-08-20T01:12:03Z	safety	never move sliced files between Printers automatically	matching build dimensions do not prove that machine-specific sliced output is compatible	docs/superpowers/plans/2026-08-19-printpartner-stabilization/discussion-notes.md	accepted
2026-08-20T01:12:04Z	tracking	keep completion at Awaiting verification	a Printer API reporting completion does not prove that every physical part succeeded	docs/superpowers/plans/2026-08-19-printpartner-stabilization/phase-9-production-workspace.md	accepted
2026-08-20T01:18:00Z	ui	use Builds Production Printers and Settings as global navigation	these four sections cover planning cross-Build operations physical machines and configuration without a separate farm mode	docs/superpowers/plans/2026-08-19-printpartner-stabilization/ui-revamp-discussion.md	accepted
2026-08-20T01:18:01Z	ui	use Sources Plan Checkoff and Production inside each Build	these destinations follow the accepted Build workflow without preserving legacy page boundaries	docs/superpowers/plans/2026-08-19-printpartner-stabilization/phase-8-site-structure.md	accepted
2026-08-20T01:18:02Z	ui	absorb Parts into Plan and Export into Production	the useful behaviors remain while each destination owns one coherent user job	docs/superpowers/plans/2026-08-19-printpartner-stabilization/discussion-notes.md	accepted
2026-08-20T01:18:03Z	ui	use global Production as the cross-Build operations view	individuals and farm operators use the same model while farms see more concurrent work	docs/superpowers/plans/2026-08-19-printpartner-stabilization/overview.md	accepted
2026-08-20T01:23:00Z	ui	use a calm Build workspace and denser Production layout	planning needs room for comprehension while active Printer work needs more concurrent status on screen	docs/superpowers/plans/2026-08-19-printpartner-stabilization/ui-revamp-discussion.md	accepted
2026-08-20T01:23:01Z	ui	use one component and theme system across both densities	the farm workflow differs by amount of work rather than by a separate interface	docs/superpowers/plans/2026-08-19-printpartner-stabilization/phase-8-site-structure.md	accepted
2026-08-20T01:23:02Z	ui	keep a dedicated printable Checkoff layout	paper output has different constraints and must remain clear after the interactive theme changes	docs/superpowers/plans/2026-08-19-printpartner-stabilization/discussion-notes.md	accepted
2026-08-20T01:28:00Z	ui	make Builds the list-first landing section	one responsive list supports an individual and a farm operator without separate dashboard modes	docs/superpowers/plans/2026-08-19-printpartner-stabilization/ui-revamp-discussion.md	accepted
2026-08-20T01:28:01Z	ui	ask only for a name when creating a Build	the user can begin by adding Sources without completing unrelated setup fields	docs/superpowers/plans/2026-08-19-printpartner-stabilization/phase-8-site-structure.md	accepted
2026-08-20T01:28:02Z	ui	open new Builds in Sources and existing Builds in Plan	new work needs inputs while returning work centers on its accepted requirements	docs/superpowers/plans/2026-08-19-printpartner-stabilization/discussion-notes.md	accepted
2026-08-20T01:28:03Z	workflow	archive Builds instead of routinely deleting them	Plan Checkoff Plate and Printer job history must survive removal from active work	CONTEXT.md, docs/superpowers/plans/2026-08-19-printpartner-stabilization/phase-8-site-structure.md	accepted
2026-08-20T14:00:00Z	architecture	make current_source_revision_id the authoritative active Source revision	Phase 3 needs durable revision identity and mutable path and commit strings cannot prove it	docs/superpowers/plans/2026-08-19-printpartner-stabilization/phase-2-atomic-source-sync-architecture.md	accepted
2026-08-20T14:00:01Z	storage	publish GitHub Source snapshots through one revision-scoped local filesystem module	the module can keep candidates on the destination filesystem validate every byte and expose one atomic rename boundary	docs/superpowers/plans/2026-08-19-printpartner-stabilization/phase-2-atomic-source-sync-architecture.md	accepted
2026-08-20T14:00:02Z	storage	keep PDF text caches and the editable PrintPartner manifest outside immutable Source revisions	generated and user-owned writes would otherwise corrupt published snapshot identity	docs/superpowers/plans/2026-08-19-printpartner-stabilization/phase-2-atomic-source-sync-architecture.md	accepted
2026-08-20T01:48:05Z	sources	defer marketplace API integration to a dedicated feasibility project	manual imports keep the Source Library reliable while provider authentication terms and endpoint stability are investigated	docs/superpowers/plans/2026-08-19-printpartner-stabilization/discussion-notes.md, docs/superpowers/plans/2026-08-19-printpartner-stabilization/marketplace-api-feasibility.md	accepted
2026-08-20T01:55:00Z	sources	place the reusable Source Library under Builds	Build work stays focused while users retain one shared place for Sources updates and discovery	CONTEXT.md, docs/superpowers/plans/2026-08-19-printpartner-stabilization/discussion-notes.md	accepted
2026-08-20T01:55:01Z	sources	separate a Source from its Build Source attachment	the Source is reusable while each Build needs its own pinned revision file selections and naming overrides	CONTEXT.md, docs/superpowers/plans/2026-08-19-printpartner-stabilization/source-monitoring-research.md	accepted
2026-08-20T02:00:00Z	planning	start newly attached Sources with no required parts selected	large and documentation-only Sources must not silently add unrelated requirements to a Build	docs/superpowers/plans/2026-08-19-printpartner-stabilization/discussion-notes.md	accepted
2026-08-20T02:00:01Z	planning	make Plan the owner of file selection and naming review	Sources manages reusable inputs while Plan defines the parts and quantities required by this Build	docs/superpowers/plans/2026-08-19-printpartner-stabilization/discussion-notes.md	accepted
2026-08-20T02:04:00Z	planning	make directory selection a durable Build Source rule	the Build should notice new files in an intentionally selected directory without silently changing its accepted Plan	CONTEXT.md, docs/superpowers/plans/2026-08-19-printpartner-stabilization/discussion-notes.md	accepted
2026-08-20T02:04:01Z	planning	let explicit file exclusions override directory inclusion	users need to select useful repository sections without accepting every file inside them	CONTEXT.md, docs/superpowers/plans/2026-08-19-printpartner-stabilization/discussion-notes.md	accepted
2026-08-20T02:08:00Z	planning	make filtered and naming-group bulk selection apply to the current result set	filters and inferred groups can change and should not become hidden future-selection rules	docs/superpowers/plans/2026-08-19-printpartner-stabilization/discussion-notes.md	accepted
2026-08-20T02:08:01Z	planning	preserve manual role and quantity overrides across exact renames	the user's Build-specific intent should survive a path-only Source change	docs/superpowers/plans/2026-08-19-printpartner-stabilization/discussion-notes.md	accepted
2026-08-20T02:12:00Z	checkoff	preserve completed Required units across unchanged files exact renames and quantity changes	applying a Plan revision must not erase work that still satisfies the Build	docs/superpowers/plans/2026-08-19-printpartner-stabilization/discussion-notes.md	accepted
2026-08-20T02:12:01Z	checkoff	require a keep-or-reprint choice for changed content or filament role	PrintPartner cannot infer whether an older physical print remains suitable	docs/superpowers/plans/2026-08-19-printpartner-stabilization/discussion-notes.md	accepted
2026-08-20T02:12:02Z	history	retain work removed from the current requirement in prior Plan and production history	current Checkoff should stay accurate without deleting the record of completed printing	docs/superpowers/plans/2026-08-19-printpartner-stabilization/discussion-notes.md	accepted
2026-08-20T02:16:00Z	checkoff	preserve the current Checkoff interaction as the base	the electronic and paper checklist already handles the product's key physical verification job well	docs/superpowers/plans/2026-08-19-printpartner-stabilization/discussion-notes.md	accepted
2026-08-20T02:16:01Z	checkoff	show only the accepted Plan in Checkoff	an unapplied draft must not alter the active physical requirements	docs/superpowers/plans/2026-08-19-printpartner-stabilization/discussion-notes.md	accepted
2026-08-20T02:16:02Z	production	enter Production through Prepare missing parts	Printer allocation and Plate work belong after planning and outside the checklist	docs/superpowers/plans/2026-08-19-printpartner-stabilization/discussion-notes.md	accepted
2026-08-20T02:20:00Z	production	select all Missing Required units when Prepare missing parts opens	preparing the remaining Build is the common case while visible group controls let the user narrow it	docs/superpowers/plans/2026-08-19-printpartner-stabilization/discussion-notes.md	accepted
2026-08-20T02:20:01Z	export	offer unarranged named-object 3MF and STL bundle ZIP as Direct export	the user can arrange in a slicer or use raw files without creating PrintPartner Plates	docs/superpowers/plans/2026-08-19-printpartner-stabilization/discussion-notes.md	accepted
2026-08-20T02:20:02Z	tracking	classify Direct export as manual tracking	a slicer can split or rearrange work without a saved PrintPartner Plate and some Printer APIs do not report Object names	docs/superpowers/plans/2026-08-19-printpartner-stabilization/3mf-object-tracking.md, docs/superpowers/plans/2026-08-19-printpartner-stabilization/discussion-notes.md	accepted
2026-08-20T02:24:00Z	production	allocate Required units through Unassigned and user-chosen Printer columns	the user stays in control while individual copies and visible groups remain quick to assign	docs/superpowers/plans/2026-08-19-printpartner-stabilization/discussion-notes.md	accepted
2026-08-20T02:24:01Z	arrangement	leave incompatible units Unassigned during bulk Printer allocation	partial success is useful but every skipped unit must remain visible and must not move to another Printer automatically	docs/superpowers/plans/2026-08-19-printpartner-stabilization/discussion-notes.md	accepted
2026-08-20T02:24:02Z	printer	keep filament and slicer profiles out of Printer allocation	the user handles those choices in the slicer unless optional Spoolman tracking applies	docs/superpowers/plans/2026-08-19-printpartner-stabilization/discussion-notes.md	accepted
2026-08-20T02:28:00Z	tracking	give each exported Plate a stable identity and immutable layout revision	an older downloaded 3MF must remain distinguishable from a later rearrangement	CONTEXT.md, docs/superpowers/plans/2026-08-19-printpartner-stabilization/discussion-notes.md	accepted
2026-08-20T02:28:01Z	export	put the Build Plate and Plate revision in every 3MF filename	printer-job matching needs a readable exact export identity while Object names identify the units inside it	docs/superpowers/plans/2026-08-19-printpartner-stabilization/discussion-notes.md	accepted
2026-08-20T02:28:02Z	production	lock a Plate revision after Printer job matching	active or completed production history must not mutate beneath its tracked Printer job	CONTEXT.md, docs/superpowers/plans/2026-08-19-printpartner-stabilization/discussion-notes.md	accepted
2026-08-20T02:32:00Z	tracking	auto-match only an exact unique Plate revision filename	strong export identity supports useful automation while Undo protects against the wrong observed job	docs/superpowers/plans/2026-08-19-printpartner-stabilization/discussion-notes.md	accepted
2026-08-20T02:32:01Z	tracking	require confirmation for Object-only or ambiguous Printer job matches	object reporting and slicer filename behavior differ across Printer connections	docs/superpowers/plans/2026-08-19-printpartner-stabilization/3mf-object-tracking.md, docs/superpowers/plans/2026-08-19-printpartner-stabilization/discussion-notes.md	accepted
2026-08-20T02:32:02Z	production	give unconnected Printers a manual Printer job lifecycle	planning export history and verification must work without a vendor API	docs/superpowers/plans/2026-08-19-printpartner-stabilization/discussion-notes.md	accepted
2026-08-20T02:36:00Z	verification	allow partial physical success at Required unit level	a finished Printer job does not prove that every object on its Plate printed successfully	docs/superpowers/plans/2026-08-19-printpartner-stabilization/discussion-notes.md	accepted
2026-08-20T02:36:01Z	metrics	capture Printer job and Plate facts without inventing per-part duration	a multi-object Plate supplies one measured duration and false precision would mislead future decisions	docs/superpowers/plans/2026-08-19-printpartner-stabilization/discussion-notes.md	accepted
2026-08-20T02:36:02Z	metrics	keep initial reporting to operational Printer and job measures	collecting trustworthy history now supports later recommendations without expanding the first workflow into analytics software	docs/superpowers/plans/2026-08-19-printpartner-stabilization/discussion-notes.md	accepted
2026-08-20T02:40:00Z	ui	organize global Production as Live Queue and History	active attention queued Plates and immutable results have different actions but belong to one cross-Build workspace	docs/superpowers/plans/2026-08-19-printpartner-stabilization/discussion-notes.md	accepted
2026-08-20T02:40:01Z	ui	use compact Printer rows instead of large farm cards	a dense table scales to many Printers and still reads clearly for an individual user	docs/superpowers/plans/2026-08-19-printpartner-stabilization/discussion-notes.md	accepted
2026-08-20T02:40:02Z	production	keep Plate editing inside its Build	global Production can coordinate work without mixing parts from separate Builds or duplicating the editor	docs/superpowers/plans/2026-08-19-printpartner-stabilization/discussion-notes.md	accepted
2026-08-20T02:44:00Z	printer	give each physical Printer a detail view separate from its optional connection	identity build dimensions health capabilities and history need clear ownership without requiring an API	docs/superpowers/plans/2026-08-19-printpartner-stabilization/discussion-notes.md	accepted
2026-08-20T02:44:01Z	arrangement	revalidate draft Plates after a Printer build-size change	future layouts must use the edited dimensions while immutable production history keeps its recorded dimensions	docs/superpowers/plans/2026-08-19-printpartner-stabilization/discussion-notes.md	accepted
2026-08-20T02:44:02Z	printer	archive Printers that have production history	removed physical machines should leave new allocation without erasing tracked Printer jobs	docs/superpowers/plans/2026-08-19-printpartner-stabilization/discussion-notes.md	accepted
2026-08-20T02:48:00Z	ui	split Settings into General Sources Connections Notifications Account Data and system and Experimental	the current long mixed page hides ownership and combines unrelated application integration and recovery controls	docs/superpowers/plans/2026-08-19-printpartner-stabilization/discussion-notes.md	accepted
2026-08-20T02:48:01Z	settings	remove custom filaments auto recompute auto Source application and normal slicer assignment	these modules conflict with the accepted Plan review local slicer and Spoolman-only filament workflow	docs/superpowers/plans/2026-08-19-printpartner-stabilization/discussion-notes.md	accepted
2026-08-20T02:48:02Z	checkoff	make assembly tracking an optional per-Build setting	physical installation can help a complex Build but should not add a global second completion state to every checklist	docs/superpowers/plans/2026-08-19-printpartner-stabilization/discussion-notes.md	accepted
2026-08-20T02:52:00Z	ui	allow a complete Checkoff visual and component redesign	the user values its capability and view of required work but does not require the current styling or structure	docs/superpowers/plans/2026-08-19-printpartner-stabilization/discussion-notes.md, docs/superpowers/plans/2026-08-19-printpartner-stabilization/ui-revamp-discussion.md	corrected
2026-08-20T02:52:01Z	export	provide browser print PDF CSV and Excel Checkoff outputs	builders farm operators and customers need both paper handoffs and structured external records	CONTEXT.md, docs/superpowers/plans/2026-08-19-printpartner-stabilization/discussion-notes.md	accepted
2026-08-20T02:56:00Z	export	offer current-progress and blank Print and PDF checklists	one output records current state while the other supports a fresh physical handoff	docs/superpowers/plans/2026-08-19-printpartner-stabilization/discussion-notes.md	accepted
2026-08-20T02:56:01Z	export	use one Required unit per CSV row and Parts plus Units Excel worksheets	structured exports must preserve copy-level traceability while also giving readers a compact summary	docs/superpowers/plans/2026-08-19-printpartner-stabilization/discussion-notes.md	accepted
2026-08-20T02:56:02Z	export	keep Checkoff spreadsheet export one-way in the first version	PrintPartner must remain the completion authority until an import reconciliation workflow is designed	docs/superpowers/plans/2026-08-19-printpartner-stabilization/discussion-notes.md	accepted
2026-08-20T02:25:00Z	cleanup	separate remove-now code from migration-coupled code	most legacy-marked modules still serve the shipped workflow compatibility clients or installed databases	docs/superpowers/plans/2026-08-19-printpartner-stabilization/cleanup-manifest.md	accepted
2026-08-20T02:25:01Z	cleanup	preserve historical database migrations and compatibility readers	installed self-hosted databases need a versioned upgrade path	docs/superpowers/plans/2026-08-19-printpartner-stabilization/cleanup-manifest.md	accepted
2026-08-20T02:25:02Z	cleanup	remove the unwired SearXNG option	selecting it reports SearXNG but executes DuckDuckGo because the implementation has no caller	web/apps/server/src/services/search/index.ts, web/apps/server/src/services/search/searxng.ts	accepted
2026-08-20T02:25:03Z	cleanup	remove the unused Drizzle generator but retain runtime Drizzle ORM	no generated migration output or caller exists and the generator introduces all current audit findings	web/apps/server/package.json, web/apps/server/drizzle.config.ts	accepted
2026-08-20T03:00:00Z	cleanup	use Knip as a report only and never apply its fixes without per-symbol proof	its export fixer misclassified namespace schema exports and private module entrypoints while lint and typecheck caught the damage	docs/superpowers/plans/2026-08-19-printpartner-stabilization/cleanup-manifest.md	verified
2026-08-20T02:41:54Z	cleanup	remove only the first-wave entries proven unused	migration-coupled pages integrations and stored values still serve the current product	docs/superpowers/plans/2026-08-19-printpartner-stabilization/cleanup-manifest.md	implemented
2026-08-20T02:41:55Z	dependencies	update compatible direct dependencies and defer runtime-boundary majors	dead-code cleanup should not hide Node compiler database watcher or DOM compatibility migrations	web/apps/server/package.json, web/apps/web/package.json, docs/superpowers/plans/2026-08-19-printpartner-stabilization/cleanup-manifest.md	implemented
2026-08-20T02:41:56Z	tooling	resolve license metadata from each declaring npm workspace	npm can install a direct dependency locally instead of hoisting it to the workspace root	scripts/update-third-party-notices.mjs	implemented
2026-08-20T02:45:48Z	dependencies	require the same Fastify version in the server and workspace tool package	a clean npm install otherwise nests Fastify away from hoisted plugin type augmentations and server typecheck fails	web/package.json, web/apps/server/package.json	focused typecheck passed
2026-08-20T03:03:52Z	review	fix the valid automated review findings	canonical backup paths legacy SearXNG settings and generated notice URLs needed explicit handling	web/apps/server/src/routes/backups-restore-json.test.ts, web/apps/server/src/assistant/resolve-assistant.ts, scripts/update-third-party-notices.mjs	third CodeRabbit pass reported zero findings
2026-08-20T03:03:53Z	verification	pass the full quality gate after review fixes	the cleanup must preserve every shipped workflow and production build	web/package.json	1293 workspace tests 4 workflow-smoke tests 2 browser checks lint typecheck and builds passed
2026-08-20T03:03:54Z	verification	pass repository-level cleanup and deployment gates	package tests do not cover links notices Compose release shell or manifest copies	scripts/audit-cleanup.mjs, manifests/tests/test_validate.py, docker-compose.yml	zero broken links zero npm vulnerabilities three Compose configurations and nine manifest tests passed
2026-08-20T03:03:55Z	review	supersede deleted-file evidence in the SearXNG and Drizzle cleanup rows	deleted candidates cannot remain resolvable evidence after cleanup	docs/superpowers/plans/2026-08-19-printpartner-stabilization/cleanup-manifest.md	corrected
2026-08-20T03:07:00Z	review	make the final verification and run incidents durable	the decision rows alone did not preserve exact commands counts or transient failures	docs/superpowers/plans/2026-08-19-printpartner-stabilization/cleanup-verification.md	corrected
2026-08-20T03:07:01Z	docs	narrow the cleanup audit claim to local inline Markdown file targets	the script does not check reference links anchors or external URLs	scripts/audit-cleanup.mjs, docs/superpowers/plans/2026-08-19-printpartner-stabilization/cleanup-verification.md	corrected
2026-08-20T03:07:02Z	review	treat append order as the trail entry order	prior planning rows were appended after later timestamped discussion entries	docs/superpowers/plans/2026-08-19-printpartner-stabilization/cleanup-verification.md	clarified
2026-08-20T03:46:07Z	review	review the complete working tree including new files	tracked-only review omitted the cleanup scripts browser helper and stabilization plan documents	scripts/audit-cleanup.mjs, docs/superpowers/plans/2026-08-19-printpartner-stabilization/cleanup-verification.md	all reported cleanup defects fixed and plan findings reconciled
2026-08-20T10:53:06Z	phase-1	store complete Source revisions and publish append-only Plan input sets	mutable Build layers cannot preserve accepted input evidence and PostgreSQL lacks repository transaction semantics	docs/superpowers/plans/2026-08-19-printpartner-stabilization/phase-1-source-revision-architecture.md	accepted
2026-08-20T11:06:04Z	phase-1	verify immutable Source revisions and published Plan input sets before checkpointing	identity persistence must be proven without changing sync recompute parts or Checkoff behavior	web/apps/server/src/db/source-revision.test.ts, web/apps/server/src/db/schema-v9.test.ts, web/packages/contracts/src/source-revision.test.ts	1304 workspace tests 4 workflow-smoke tests 2 browser checks lint typecheck builds and complete CodeRabbit review passed
2026-08-20T16:29:22Z	frame	reconcile Phases 5 through 11 against the current code before implementation	later-phase tests and partial features may make the original phase boundaries stale	docs/superpowers/plans/2026-08-19-printpartner-stabilization/phase-5-contract-boundary.md through phase-11-platform-boundary.md	in progress
2026-08-20T16:29:23Z	sequence	implement only verified gaps as independently shippable units	the accepted product workflow matters more than preserving ceremonial phase boundaries	docs/superpowers/plans/2026-08-19-printpartner-stabilization/overview.md	accepted
2026-08-20T16:29:24Z	verification	require focused proof and the repository quality gate for every implementation unit	a passing typecheck cannot prove browser behavior persisted state or exported artifacts	docs/superpowers/plans/2026-08-19-printpartner-stabilization/testing.md	accepted
2026-08-20T16:29:25Z	release	keep Phase 4 public release verification independent from later local work	the prepared release is locally proven but pushing main and v3.2.0 requires explicit publication authority	docs/superpowers/plans/2026-08-19-printpartner-stabilization/phase-4-release-repair.md	open
2026-08-20T16:47:10Z	frame	classify Phases 5 through 11 as partially implemented rather than untouched	live routes queries exports and tests already cover parts of the accepted requirements	docs/superpowers/plans/2026-08-19-printpartner-stabilization/remaining-phases-gap-map.md	verified
2026-08-20T16:47:11Z	sequence	put Plan identity and durable Production identity before the route and visual migration	new pages must not preserve live part mutation transient Plate placement or basename-first matching	docs/superpowers/plans/2026-08-19-printpartner-stabilization/remaining-phases-gap-map.md	accepted
2026-08-20T16:47:12Z	phase-5	start with the Source naming contract and keep the global transport redesign separate	one endpoint family proves the parser pattern without changing every API call	docs/superpowers/plans/2026-08-19-printpartner-stabilization/remaining-phases-gap-map.md	accepted
2026-08-20T17:10:11Z	phase-5	use the schema-derived Source naming design from arena candidate A	it preserves sparse inherited overrides while giving server and browser one runtime contract	docs/superpowers/plans/2026-08-19-printpartner-stabilization/phase-5-source-naming-contract-architecture.md	accepted
2026-08-20T17:10:12Z	phase-5	graft exhaustive repository results and exact request-shape tests from candidate B	expected missing and conflict states should not depend on exception text and each write variant should serialize only meaningful fields	docs/superpowers/plans/2026-08-19-printpartner-stabilization/phase-5-source-naming-contract-architecture.md	accepted
2026-08-20T17:10:13Z	phase-5	reject a resolved full override in Source naming responses	installed sparse overrides must keep inheriting later global changes instead of silently freezing them	docs/superpowers/plans/2026-08-19-printpartner-stabilization/phase-5-source-naming-contract-architecture.md	rejected
2026-08-20T17:34:18Z	phase-5	block invalid stored Source naming during Plan rebuild	CodeRabbit found the route parser was strict but accepted Plan input capture could still fall back to global naming	web/apps/server/src/db/plan-freshness.test.ts	implemented
2026-08-20T17:34:19Z	phase-5	verify Source naming contract authority	the first Phase 5 unit must prove invalid writes and invalid stored naming cannot change accepted Plan state	web/packages/contracts/src/source-naming.test.ts, web/apps/server/src/routes/source-naming.test.ts, web/apps/server/src/db/plan-freshness.test.ts	860 workspace tests, 9 workflow-smoke tests, production build, browser checks, and clean CodeRabbit review passed
2026-08-20T17:52:31Z	phase-5	use descriptor-owned parsed browser requests from transport arena candidate B	request encoding and safe error projection must be authoritative without changing uncontracted endpoints	docs/superpowers/plans/2026-08-19-printpartner-stabilization/phase-5-browser-transport-architecture.md	accepted 64 to 51
2026-08-20T17:52:32Z	phase-5	reject the broad generic transport rewrite	valid JSON is not a runtime contract and route heuristics plus free-form detail can retain secrets	web/apps/web/src/api/engine.ts	rejected and replaced with opt-in migration
2026-08-20T17:52:33Z	phase-5	retain only Source naming error codes in browser failures	the wire detail field is free-form and is not safe diagnostic state	web/apps/web/src/api/endpoints/sourceNaming.ts	implemented
2026-08-20T17:59:54Z	phase-5	verify the parsed browser transport checkpoint	contract authority and redaction must hold without changing untouched endpoint behavior	web/apps/web/src/api/contractRequest.test.ts, web/apps/web/src/api/engine.source-naming.test.ts	8 release checks 27 contract tests 138 domain tests 391 web tests 860 server tests 9 workflow-smoke tests 2 browser checks lint typecheck builds and clean CodeRabbit review passed
2026-08-20T18:23:44Z	verification	scan slicer profiles when each watcher becomes ready	a fixed delay cannot prevent files created during Chokidar startup from being lost	web/apps/server/src/services/profile-sync.ts, web/apps/server/src/services/profile-sync.test.ts	startup-race regression passed repeatedly and the fix was committed separately as 383e77a
2026-08-20T18:23:45Z	phase-6	make the shared query cache the sole browser owner of Source rows	Library Build nested controls and workflow indicators could display competing Source snapshots	docs/superpowers/plans/2026-08-19-printpartner-stabilization/phase-6-source-state-architecture.md	8 release checks 27 contract tests 138 domain tests 394 web tests 860 server tests 9 workflow-smoke tests 2 browser checks lint typecheck builds and clean CodeRabbit review passed
2026-08-20T18:29:30Z	phase-6	separate saved Source categories from local editor drafts	Library Plan and Settings fetched competing category baselines while unsaved edits legitimately belong to one editor	docs/superpowers/plans/2026-08-19-printpartner-stabilization/phase-6-source-state-architecture.md	8 release checks 27 contract tests 138 domain tests 397 web tests 860 server tests 9 workflow-smoke tests 2 browser checks lint typecheck builds and clean CodeRabbit review passed
2026-08-20T18:41:30Z	phase-6	make Plan layers a profile-scoped query projection	Build and its nested Source manager fetched and wrote competing layer snapshots	docs/superpowers/plans/2026-08-19-printpartner-stabilization/phase-6-plan-state-architecture.md	8 release checks 27 contract tests 138 domain tests 400 web tests 860 server tests 9 workflow-smoke tests 2 browser checks lint typecheck builds and clean CodeRabbit review passed
2026-08-20T18:58:06Z	phase-6	replace the local Plan revision counter with projection invalidation	the counter was not a server revision and its loaded comparison could never represent stale data	docs/superpowers/plans/2026-08-19-printpartner-stabilization/phase-6-plan-state-architecture.md	8 release checks 27 contract tests 138 domain tests 406 web tests 860 server tests 9 workflow-smoke tests 2 browser checks lint typecheck builds and clean CodeRabbit review passed
2026-08-20T19:44:15Z	phase-7	establish the immutable accepted Plan revision foundation before adding drafts	draft conflict detection and durable Required-unit reconciliation need one explicit accepted snapshot and version	docs/superpowers/plans/2026-08-19-printpartner-stabilization/phase-7-plan-revision-architecture.md	8 release checks 27 contract tests 138 domain tests 406 web tests 879 server tests 9 workflow-smoke tests 2 browser checks lint typecheck builds clean CodeRabbit review and clean no-comments audit passed
2026-08-20T21:11:03Z	phase-7	persist complete recomputed Plan drafts before exposing workflow routes	reviewable Source and Part changes must survive restart without mutating the accepted Plan or Checkoff	docs/superpowers/plans/2026-08-19-printpartner-stabilization/phase-7-plan-revision-architecture.md	8 release checks 27 contract tests 138 domain tests 406 web tests 892 server tests 9 workflow-smoke tests 2 browser checks lint typecheck builds clean CodeRabbit review independent review and clean no-comments audit passed
2026-08-20T21:40:41Z	phase-7	edit saved drafts through grouped typed decisions guarded by the whole-draft digest	grouped inclusion and quantity changes need atomic retries without full-document overposting or accepted-state mutation	docs/superpowers/plans/2026-08-19-printpartner-stabilization/phase-7-plan-revision-architecture.md	8 release checks 27 contract tests 138 domain tests 406 web tests 903 server tests 9 workflow-smoke tests 2 browser checks lint typecheck builds clean CodeRabbit review independent review and clean no-comments audit passed
2026-08-20T22:02:27Z	phase-7	version saved-draft lifecycle transitions independently from Plan content	a monotonic lifecycle generation prevents delayed resume requests from reopening a later abandoned generation	docs/superpowers/plans/2026-08-19-printpartner-stabilization/phase-7-plan-revision-architecture.md	8 release checks 27 contract tests 138 domain tests 406 web tests 909 server tests 9 workflow-smoke tests 2 browser checks lint typecheck builds clean CodeRabbit review independent review and clean no-comments audit passed
2026-08-20T22:59:57Z	phase-7	rebase abandoned drafts through typed decisions and immutable lineage	three-way replay preserves genuine inclusion and quantity choices without silently overwriting newer accepted decisions or misidentifying renamed Parts	docs/superpowers/plans/2026-08-19-printpartner-stabilization/phase-7-plan-revision-architecture.md	8 release checks 27 contract tests 138 domain tests 406 web tests 926 server tests 9 workflow-smoke tests 2 browser checks lint typecheck builds independent review clean no-comments audit and reviewed CodeRabbit findings passed
2026-08-20T23:50:56Z	phase-7	give every accepted physical unit an immutable Build-owned token	stable copy identity must survive filenames and revision rows without creating a second completion authority before Checkoff cutover	docs/superpowers/plans/2026-08-19-printpartner-stabilization/phase-7-plan-revision-architecture.md	8 release checks 27 contract tests 138 domain tests 406 web tests 947 server tests 9 workflow-smoke tests 2 browser checks lint typecheck builds clean CodeRabbit review independent review and clean no-comments audit passed
2026-08-21T01:25:13Z	phase-7	freeze reviewed Required-unit reconciliation on the saved draft	Apply must consume the exact reviewed token assignments or reject stale progress while changed requirements retain completed physical tokens only	docs/superpowers/plans/2026-08-19-printpartner-stabilization/phase-7-plan-revision-architecture.md	8 release checks 27 contract tests 138 domain tests 406 web tests 964 server tests 9 workflow-smoke tests 2 browser checks lint typecheck builds clean CodeRabbit review independent review and clean no-comments audit passed
2026-08-21T02:34:30Z	phase-7	atomically publish one reviewed Plan draft and its Required-unit mapping	accepted Parts progress unit identity and the immutable Apply receipt must either move together or remain unchanged	docs/superpowers/plans/2026-08-19-printpartner-stabilization/phase-7-plan-revision-architecture.md	8 release checks 27 contract tests 138 domain tests 406 web tests 983 server tests 9 workflow-smoke tests 2 browser checks lint typecheck builds clean CodeRabbit review independent review and clean no-comments audit passed
2026-08-21T03:30:04Z	phase-7	separate accepted Plan state from working Source selection before the public cutover	Source changes must not interrupt the printable accepted Plan and legacy dirty baselines must become verified immutable history before invalidation is removed	docs/superpowers/plans/2026-08-19-printpartner-stabilization/phase-7-plan-revision-architecture.md	8 release checks 27 contract tests 138 domain tests 406 web tests 996 server tests 9 workflow-smoke tests 2 browser checks lint typecheck builds reviewed CodeRabbit findings independent review and clean no-comments audit passed
2026-08-21T05:26:49Z	phase-7	add one verified accepted operational read before migrating callers	Review Checkoff Plate printer and export code need one revision-authoritative aggregate that cannot mix accepted versions or exceed PostgreSQL bridge limits	docs/superpowers/plans/2026-08-19-printpartner-stabilization/phase-7-plan-revision-architecture.md	8 release checks 27 contract tests 138 domain tests 406 web tests 1090 server tests 9 workflow-smoke tests 2 browser checks lint typecheck builds reviewed CodeRabbit findings independent review and clean no-comments audit passed
2026-08-21T05:53:02Z	phase-7	move Checkoff and Part assembled reads onto the accepted operational aggregate	production reads must preserve the current sheet and filament display while refusing mixed accepted versions and deleting the redundant assembled-state path	docs/superpowers/plans/2026-08-19-printpartner-stabilization/phase-7-plan-revision-architecture.md	8 release checks 27 contract tests 138 domain tests 406 web tests 1096 server tests 9 workflow-smoke tests 2 browser checks lint typecheck builds clean CodeRabbit review independent review and clean no-comments audit passed
2026-08-21T06:22:44Z	phase-7	separate cheap accepted artifact observation from verified descriptor access before migrating Review	Review must detect unusable pinned paths without hashing every accepted STL while byte-serving routes must hash and stream one descriptor	docs/superpowers/plans/2026-08-19-printpartner-stabilization/phase-7-plan-revision-architecture.md	29 focused tests passed with 1 platform skip 8 release checks 27 contract tests 138 domain tests 406 web tests 1125 server tests with 3 skipped 9 workflow-smoke tests 2 browser checks lint typecheck builds atomic failure cleanup handshaked old-and-new visibility selective bounded retry reviewed CodeRabbit findings independent review and clean no-comments audit passed
2026-08-21T07:24:31Z	phase-7	key the accepted Part media loop by immutable content basis	mesh render upload browser reuse and cache regeneration must not mix an older accepted revision with current Source or Part state	docs/superpowers/plans/2026-08-19-printpartner-stabilization/phase-7-plan-revision-architecture.md	35 focused server tests passed with 1 platform skip 27 focused web tests passed 1129 full server tests passed with 3 skipped 429 full web tests passed server and web typecheck root lint redacted failure logs contained deletion blocked database lifecycle bounded browser indexes strong validator placeholder Apply-during-multipart no-write caller inventory and diff checks passed
2026-08-21T07:50:02Z	phase-7	redact unexpected Checkoff and assembled read failures at the HTTP boundary	the accepted read contract already promises stable public errors and coarse logs so raw exception messages paths and stacks must not cross the route boundary	docs/superpowers/plans/2026-08-19-printpartner-stabilization/phase-7-plan-revision-architecture.md	red proof captured focused accepted read route passed 1129 full server tests passed with 3 skipped server typecheck targeted lint and diff check passed
2026-08-21T08:17:00Z	phase-7	migrate HTTP and assistant Plan Review together onto one accepted snapshot	Review must not combine accepted Plan facts with mutable Source labels paths Parts naming interaction data or working thumbnail keys	docs/superpowers/plans/2026-08-19-printpartner-stabilization/phase-7-plan-revision-architecture.md	R1 red captured 43 focused tests passed with 1 platform skip R2 red captured 136 migration tests passed final focused accepted media and Review ran 79 tests with 78 passed and 1 platform skip full server 1154 passed with 3 skipped full web 429 passed both typechecks root lint both builds caller deletion scans deterministic issue order complete observation fail-closed shared descriptor seam redaction no-write and diff checks passed
2026-08-21T09:13:06Z	phase-7	make immutable Required-unit tokens and the accepted Plan basis the only Progress mutation authority	manual progress archive gating and printer verification must not mutate through live compatibility Part facts or repair state before validation	docs/superpowers/plans/2026-08-19-printpartner-stabilization/phase-7-plan-revision-architecture.md	red proof captured 225 focused migration tests passed full server 1174 passed with 3 skipped full web 429 passed both typechecks root lint both builds strict cross-Plan basis query-free PostgreSQL fail-close post-archive rejection surplus preservation real both-order archive-uncheck race paused reverse Apply race injected verify rollback no-repair caller deletion inventory and diff checks passed
2026-08-21T10:42:19Z	phase-7	add one private bounded accepted Progress summary reader before changing public Plan summaries	bulk callers need explicit per-Plan unavailable states without N-plus-one accepted reads mixed Plan attribution tenant leakage or false zero counts	docs/superpowers/plans/2026-08-19-printpartner-stabilization/phase-7-plan-revision-architecture.md	red proof captured 26 focused summary tests passed 113 summary and operational tests passed full server 155 files passed with 1 skipped 1200 tests passed with 3 skipped server typecheck root lint bounded bulk query proof stable PostgreSQL identity retries tenant opacity working-state blindness Apply coherence no-write unexpected-error propagation no-comments audit and diff check passed
2026-08-21T11:06:17Z	phase-7	remove Progress reads from Plan metadata and ownership lookups without changing public summaries	metadata identity and assistant callers need current Plan facts or tenant ownership but must not acquire the deferred compatibility Progress authority	docs/superpowers/plans/2026-08-19-printpartner-stabilization/phase-7-plan-revision-architecture.md	4 focused files passed 40 focused tests passed full server 157 files passed with 1 skipped 1208 tests passed with 3 skipped server typecheck full web lint exact flat and api-v1 duplicate bodies bulk example read caller inventories final no-comments audit and diff check passed
2026-08-21T12:20:57Z	phase-7	add bounded accepted Profile summary composition and pure presenters before the public Plan contract cutover	bulk and detail callers need tenant-safe accepted Progress joined to existing current metadata without per-Plan query loops or premature public changes	docs/superpowers/plans/2026-08-19-printpartner-stabilization/phase-7-plan-revision-architecture.md	2 focused files passed 9 tests passed exact 64 65 and 129 Plan proofs used 11 15 and 22 queries and 1 2 and 3 accepted batches foreign detail stayed opaque unexpected detail failures propagated no writes proof fixes changed tests only public behavior stayed unchanged server typecheck root lint no-comments audit and diff check passed
2026-08-21T12:38:32Z	phase-7	move metrics Discord digest and get_print_stats to accepted Profile summaries	operational reporting must show explicit unavailable states and preserve unrelated output instead of using compatibility Progress or false zero counts	docs/superpowers/plans/2026-08-19-printpartner-stabilization/phase-7-plan-revision-architecture.md	6 focused files passed 47 tests passed full server 160 files passed with 1 skipped 1228 tests passed with 3 skipped real digest capture reported ready 189 total and 189 remaining metrics escaped quotes backslashes and newlines all accepted assistant states archived filtering Discord order five-Plan cap MCP failure parity redaction caller inventory server typecheck root lint no-comments audit and diff check passed
2026-08-21T13:07:52Z	phase-7	publish accepted Plan summaries on flat and v2 routes while retaining a fail-closed numeric v1 presenter	first-party clients need explicit accepted Progress states while existing v1 clients can receive numbers only when accepted state proves them	docs/superpowers/plans/2026-08-19-printpartner-stabilization/phase-7-plan-revision-architecture.md	16 focused HTTP and authentication tests passed including five-boundary redaction complete v1 duplicate zero-write tables v2 Plan-only OpenAPI paths and API-key coverage full server 161 files passed with 1 skipped 1233 tests passed with 3 skipped full web 99 files and 433 tests passed both typechecks root lint contracts server and web builds and diff check passed
2026-08-21T13:43:00Z	phase-7	move host-observed auto-create explicit unattributed claim and empty-link repair onto immutable Required-unit object names with one atomic command	these printer observations must not infer accepted coordinates from mutable compatibility Parts collapse duplicate occurrences or leave partial claim state	docs/superpowers/plans/2026-08-19-printpartner-stabilization/phase-7-plan-revision-architecture.md	red proofs captured for the pure model repository command stale route behaviors repair scope safe errors and claim rollback 7 focused files and 118 tests passed full server 163 files passed with 1 skipped 1275 tests passed with 3 skipped server typecheck root lint durable scoped repair exact-before-legacy duplicate ambiguity completed fallback suppression query-free PostgreSQL atomic claim stale-Apply blocking and caller inventory passed
2026-08-21T15:08:38Z	phase-7	persist immutable accepted Plate revisions before changing export or UI	Plate identity placement order and printer geometry must be bound to the accepted Required-unit set rather than regenerated from mutable compatibility Parts fleet state or legacy match keys	docs/superpowers/plans/2026-08-19-printpartner-stabilization/phase-7-plan-revision-architecture.md	red proofs captured for ordinal model full XYZ geometry idempotent CAS immutable history snapshot reads corruption and PostgreSQL parity 142 focused tests passed full server 164 files passed with 1 skipped 1304 tests passed with 3 skipped server typecheck root lint independent review cascade correction no-comments scan and diff check passed
2026-08-21T15:40:05Z	phase-7	generate deterministic 3MF artifacts only from immutable accepted Plate revisions and verified accepted artifact bytes	export identity geometry and placement must remain bound to Required-unit tokens accepted Object names and stored fixed-point coordinates without mutable paths repacking or compatibility Parts	docs/superpowers/plans/2026-08-19-printpartner-stabilization/phase-7-plan-revision-architecture.md	strict parser reds and final header footer injection and Plate-count reds captured real tracked Source through Apply Plate and unzipped 3MF proof passed full domain 19 files and 147 tests full server 165 files passed with 1 skipped 1331 tests passed with 3 skipped both typechecks root lint independent clean review and diff checks passed
2026-08-21T16:22:40Z	phase-7	publish an accepted Plate setup initialize and move API before migrating browser or export callers	users must assign every immutable Required-unit token explicitly while the server owns verified geometry deterministic no-rotation packing accepted basis checks and Plate revision compare-and-swap	docs/superpowers/plans/2026-08-19-printpartner-stabilization/phase-7-plan-revision-architecture.md	red proofs captured at packer service and route seams 77 focused tests 150 domain tests 27 contract tests and full server 1358 passed with 3 skipped real cross-process publication race Apply-during-loader stale proof binary descriptor dedupe post-publish no-reread flat-v2 parity v1 absence API-key tenant and PostgreSQL refusal monorepo typecheck build lint independent clean review no-comments and diff checks passed
2026-08-21T17:01:12Z	phase-7	publish accepted Plate exports in revision-keyed trees through existing jobs downloads and slicer handoff	preview and export must use the same accepted Plate revision exact Required-unit objects and verified artifact bytes without repacking mutable Parts or leaking server paths	docs/superpowers/plans/2026-08-19-printpartner-stabilization/phase-7-plan-revision-architecture.md	generator and materializer reds captured 61 focused tests 27 contract tests 150 domain tests and full server 170 test files passed 1 test file skipped 1385 tests passed 3 tests skipped real two-process publication retry inode and mtime preservation tamper and symlink rejection tenant download isolation pruning survival byte-identical handoff coarse redacted diagnostics monorepo typecheck lint build CodeRabbit independent clean review no-comments audit and diff checks passed
2026-08-21T18:31:49Z	phase-7	cut the browser Export page over to accepted Plate workspace revisions and delete its legacy Plate flow	browser setup movement export history and slicer handoff must share accepted basis and revision identity without mutable print-plan repacking or hidden fallback callers	docs/superpowers/plans/2026-08-19-printpartner-stabilization/phase-7-plan-revision-architecture.md	contracts 5 tests focused server 4 tests full browser 105 files and 422 tests passed full server 170 files passed with 1 skipped 1385 tests passed with 3 skipped independent review closed thirteen findings accepted error-code and path-redaction checks passed legacy browser inventory was empty isolated desktop and 390 by 844 mobile empty-state run requested /plans/1/plates with no legacy Plate requests monorepo typecheck lint build no-comments and diff checks passed
2026-08-21T19:12:30Z	phase-7	delete the legacy Plate server graph and auto-slice instead of translating mutable choices into accepted state	accepted Plate export and local handoff must bind one immutable revision while machine process and filament profile choice stays in the slicer	docs/superpowers/plans/2026-08-19-printpartner-stabilization/phase-7-plan-revision-architecture.md	red proofs captured live removed routes old job kinds stub success Apply setting mutation absent v28 cleanup and caller graph review caught SQLite and PostgreSQL post-delete rollback gaps before commit corrected migration and populated accepted Plate preservation passed 73 tests full contracts 4 files 33 tests domain 13 files 74 tests server 161 files 1305 tests with 1 skipped browser 105 files 422 tests monorepo typecheck lint build independent review retained-feature no-comments route caller and diff checks passed
2026-08-21T19:58:18Z	phase-7	cut STL checklist and explicit Progress kit and share exports over to one accepted operational snapshot	operational downloads must retain one accepted revision and its Required-unit progress without mixing working Parts mutable media paths or later output bytes	docs/superpowers/plans/2026-08-19-printpartner-stabilization/phase-7-plan-revision-architecture.md	red proofs captured focused matrix 8 files 160 tests passed with 1 skipped domain 14 files 76 tests contracts 4 files 33 tests full server 166 files 1334 tests passed with 1 skipped stable and twice-changing PostgreSQL reads descriptor replace append and in-place mutation immutable content-addressed output traversal symlink complete-tree limits share zero-write redaction caller deletion monorepo typecheck lint build independent review and diff checks passed
2026-08-21T21:04:23Z	phase-7	publish accepted Plan draft workspaces on flat and v2 routes and move the complete browser planning wave onto them	Rebuild quantity inclusion reconciliation and spreadsheet planning must remain proposed and resumable until one explicit concurrency-checked Apply changes accepted Plan and Required-unit state	docs/superpowers/plans/2026-08-19-printpartner-stabilization/phase-7-plan-revision-architecture.md	focused contracts 13 web 21 server 28 and inventory 2 tests passed full contracts 40 domain 76 web 434 and server 1346 tests passed with 1 server test skipped persisted browser refresh preserved one proposed Part while accepted Plan stayed empty and explicit Apply produced Plan version 1 with one Required unit
2026-08-21T21:04:24Z	phase-7	delete legacy recompute jobs direct apply-manifest commands and generic Part planning patches after migrating all production callers	keeping parallel accepted-planning writers would allow browser jobs or compatibility Part fields to bypass draft lifecycle concurrency reconciliation and atomic Apply	docs/superpowers/plans/2026-08-19-printpartner-stabilization/cleanup-manifest.md	production inventory test passed 2 tests and symbol scan found no recomputeProfile applyManifestToProfile recompute job route dispatcher or browser caller while PATCH Part accepts only filament_color_id and spoolman_spool_id
2026-08-21T21:04:25Z	phase-7	retain only bounded compatibility projection writers for filament and spool assignment accepted Progress assembly and unrelated Part media reads	filament assignment is outside accepted Plan draft scope and operational Checkoff mutations already bind accepted basis while media still requires compatibility projection identity	docs/superpowers/plans/2026-08-19-printpartner-stabilization/cleanup-manifest.md	repository and route inventories pin planning field absence accepted printed-count spreadsheet import is one immediate accepted-basis transaction and mixed planning plus Progress imports fail before writes
2026-08-21T21:04:26Z	phase-7	follow the draft cutover by migrating the remaining compatibility projection reads before removing their tables	compatibility tables cannot be dropped while retained filament spool media and accepted projection consumers still depend on them	docs/superpowers/plans/2026-08-19-printpartner-stabilization/cleanup-manifest.md	cleanup manifest records the remaining owners and deletion prerequisites while this wave removes only zero-caller planning APIs
2026-08-22T02:30:00Z	phase-8	accept the hybrid visual sketch with current GRE-234 tokens	the catalog compares Workshop ledger Production console and hybrid; shipping stays one token family with calm planning and dense Production	web/apps/web/src/lib/visualSketch.ts, web/apps/web/src/pages/DevCatalogPage.tsx	accepted
2026-08-22T02:30:01Z	phase-8	apply calm density to Sources Plan Checkoff Builds and Settings and dense density to Production and Printers	one component system; paper Checkoff tokens stay independent	web/apps/web/src/lib/pageDensity.ts, web/apps/web/src/index.css, web/apps/web/src/layout/AppLayout.tsx	implemented
2026-08-22T02:30:02Z	cleanup	mount IncomingSharesCard on Builds instead of retiring sharing	outgoing share routes are live and Builds is the list-first landing	web/apps/web/src/pages/PlansPage.tsx, web/apps/web/src/components/share/IncomingSharesCard.tsx	implemented
2026-08-22T02:16:00Z	dependencies	repeat Phase 8 package audit and keep unrelated upgrades out	npm audit reports zero findings; wanted patches are AWS SDK Vite and testing-library; majors remain Node types 26 TypeScript 7 better-sqlite3 13 and Chokidar 5	web/package.json	verified
2026-08-22T02:40:00Z	phase-11	name SQLite local disk and in-process jobs as the supported mode	Postgres S3 and SaaS stay experimental; Redis and BullMQ were never implemented	web/apps/server/src/lib/deployment-capability.ts, docs/ARCHITECTURE.md, web/DEPLOY.md	implemented
2026-08-22T02:50:00Z	phase-9	never auto-select the first Printer for Send	the user must choose a machine; sticky and previous picks still restore when they remain in the list	web/apps/web/src/lib/resolveStickyPrinterId.ts, web/apps/web/src/components/export/PrinterSendPanel.tsx	implemented
2026-08-22T02:55:00Z	phase-9	persist one Spoolman deduction per Printer job	retries polls and webhooks must not deduct usage twice after the first successful apply	web/apps/server/src/services/spoolman-deduct.ts	implemented
